{"_runtime":1.176567,"_step":7,"_wandb":{"runtime":1},"acc":0.8371797832158164,"loss":0.17525806894726226,"_timestamp":1.733200942274863e+09}